{"cameraMode":{"drawMode":0,"name":"Shaded","section":"Shading Mode"},"sceneLighting":true,"audioPlay":false,"sceneViewState":{"showFog":true,"showMaterialUpdate":false,"showSkybox":true,"showFlares":true,"showImageEffects":true,"showParticleSystems":true},"in2DMode":false,"pivot":{"x":0.0,"y":0.46700000762939455,"z":0.17499995231628419},"rotation":{"x":-0.3274555206298828,"y":0.07839282602071762,"z":-0.02727353945374489,"w":-0.9412139654159546},"size":11.883081436157227,"orthographic":false}